Viti,Muaji,Kodi NK,Kategoria,Lloji,Sasia (kg),Vlera 
2025,1,1904,Drithera,Import,27708,64159
2025,1,1904,Drithera,Eksport,67365,129446
2025,1,2710,Lende djegese minerale,Import,65148,116274
2025,1,2701,Vaj baze ( lende e pare per prodhim vajra lubrifikant) SN-150,Eksport,12474,18802
2025,1,2106,Pergatitje ushqimore(zevendesues djathi per fast food dhe pica),Import,46389,72700
2025,1,2106,Pergatitje ushqimore(zevendesues djathi per fast food dhe pica),Eksport,27392,38454
2025,1,3208,Boje plastike e bardhe,Import,53472,69268
2025,1,3208,Boje plastike e bardhe,Eksport,55445,69733
2025,1,8422,Makineri paketimi,Import,29977,37049
2025,1,8422,Makineri paketimi,Eksport,97506,67625
2025,1,8701,Mjete transporti rrugor,Import,61797,80659
2025,1,8701,Mjete transporti rrugor,Eksport,39571,100394
2025,2,1904,Drithera,Import,40293,61700
2025,2,1904,Drithera,Eksport,69165,81382
2025,2,2701,Vaj baze ( lende e pare per prodhim vajra lubrifikant) SN-150,Import,90575,216167
2025,2,2701,Vaj baze ( lende e pare per prodhim vajra lubrifikant) SN-150,Eksport,13123,22878
2025,2,2106,Pergatitje ushqimore(zevendesues djathi per fast food dhe pica),Import,67774,141040
2025,2,2106,Pergatitje ushqimore(zevendesues djathi per fast food dhe pica),Eksport,46883,57036
2025,2,2710,Lende djegese minerale,Import,70608,116258
2025,2,2710,Lende djegese minerale,Eksport,68133,96698
2025,2,3208,Boje plastike e bardhe,Import,89196,226389
2025,2,3208,Boje plastike e bardhe,Eksport,44608,26236
2025,2,8422,Makineri paketimi,Import,59205,125077
2025,2,8422,Makineri paketimi,Eksport,63550,64505
2025,2,8701,Mjete transporti rrugor,Import,30051,85088
2025,2,8701,Mjete transporti rrugor,Eksport,18771,34555
2025,3,1904,Drithera,Import,83467,247862
2025,3,1904,Drithera,Eksport,33954,77082
2025,3,2701,Vaj baze ( lende e pare per prodhim vajra lubrifikant) SN-150,Import,36810,89898
2025,3,2701,Vaj baze ( lende e pare per prodhim vajra lubrifikant) SN-150,Eksport,50560,76249
2025,3,2106,Pergatitje ushqimore(zevendesues djathi per fast food dhe pica),Import,54211,144338
2025,3,2106,Pergatitje ushqimore(zevendesues djathi per fast food dhe pica),Eksport,94236,199251
2025,3,2710,Lende djegese minerale,Import,17643,36346
2025,3,2710,Lende djegese minerale,Eksport,20992,50568
2025,3,3208,Boje plastike e bardhe,Import,68898,190929
2025,3,3208,Boje plastike e bardhe,Eksport,15143,44598
2025,3,8422,Makineri paketimi,Import,42235,35824
2025,3,8422,Makineri paketimi,Eksport,58949,116535
2025,3,8701,Mjete transporti rrugor,Import,41673,116587
2025,3,8701,Mjete transporti rrugor,Eksport,90798,82940
2025,4,1904,Drithera,Import,91477,104738
2025,4,1904,Drithera,Eksport,98691,83645
2025,4,2701,Vaj baze ( lende e pare per prodhim vajra lubrifikant) SN-150,Import,71414,55838
2025,4,2701,Vaj baze ( lende e pare per prodhim vajra lubrifikant) SN-150,Eksport,23363,44680
2025,4,2106,Pergatitje ushqimore(zevendesues djathi per fast food dhe pica),Import,63074,177255
2025,4,2106,Pergatitje ushqimore(zevendesues djathi per fast food dhe pica),Eksport,54569,154946
2025,4,2710,Lende djegese minerale,Import,14144,30948
2025,4,2710,Lende djegese minerale,Eksport,80159,167824
2025,4,3208,Boje plastike e bardhe,Import,22135,49232
2025,4,3208,Boje plastike e bardhe,Eksport,80195,139175
2025,4,8422,Makineri paketimi,Import,42215,57539
2025,4,8422,Makineri paketimi,Eksport,85312,181734
2025,4,8701,Mjete transporti rrugor,Import,17594,47519
2025,4,8701,Mjete transporti rrugor,Eksport,34634,42482
2025,5,1904,Drithera,Import,62369,37074
2025,5,1904,Drithera,Eksport,17719,17503
2025,5,2701,Vaj baze ( lende e pare per prodhim vajra lubrifikant) SN-150,Import,20198,27371
2025,5,2701,Vaj baze ( lende e pare per prodhim vajra lubrifikant) SN-150,Eksport,16043,16756
2025,5,2106,Pergatitje ushqimore(zevendesues djathi per fast food dhe pica),Import,39810,92898
2025,5,2106,Pergatitje ushqimore(zevendesues djathi per fast food dhe pica),Eksport,94373,146291
2025,5,2710,Lende djegese minerale,Import,22341,32120
2025,5,2710,Lende djegese minerale,Eksport,95037,146325
2025,5,3208,Boje plastike e bardhe,Import,86894,49232
2025,5,3208,Boje plastike e bardhe,Eksport,33577,79705
2025,5,8422,Makineri paketimi,Import,77097,208390
2025,5,8422,Makineri paketimi,Eksport,84740,166505
2025,5,8701,Mjete transporti rrugor,Import,67738,181117
2025,5,8701,Mjete transporti rrugor,Eksport,88077,50828
2025,6,1904,Drithera,Import,42712,95036
2025,6,1904,Drithera,Eksport,27082,54628
2025,6,2701,Vaj baze ( lende e pare per prodhim vajra lubrifikant) SN-150,Import,25313,64548
2025,6,2701,Vaj baze ( lende e pare per prodhim vajra lubrifikant) SN-150,Eksport,50400,111988
2025,6,2106,Pergatitje ushqimore(zevendesues djathi per fast food dhe pica),Import,32247,70017
2025,6,2106,Pergatitje ushqimore(zevendesues djathi per fast food dhe pica),Eksport,56760,142754
2025,6,2710,Lende djegese minerale,Import,16557,44177
2025,6,2710,Lende djegese minerale,Eksport,48763,114335
2025,6,3208,Boje plastike e bardhe,Import,98015,178447
2025,6,3208,Boje plastike e bardhe,Eksport,91744,90546
2025,6,8422,Makineri paketimi,Import,11082,13268
2025,6,8422,Makineri paketimi,Eksport,72662,211967
2025,6,8701,Mjete transporti rrugor,Import,69774,156509
2025,6,8701,Mjete transporti rrugor,Eksport,35405,58718
2025,7,1904,Drithera,Import,65655,81577
2025,7,1904,Drithera,Eksport,90767,135517
2025,7,2701,Vaj baze ( lende e pare per prodhim vajra lubrifikant) SN-150,Import,14904,19153
2025,7,2701,Vaj baze ( lende e pare per prodhim vajra lubrifikant) SN-150,Eksport,86977,190433
2025,7,2106,Pergatitje ushqimore(zevendesues djathi per fast food dhe pica),Import,95076,111423
2025,7,2106,Pergatitje ushqimore(zevendesues djathi per fast food dhe pica),Eksport,34418,68697
2025,7,2710,Lende djegese minerale,Import,13302,23554
2025,7,2710,Lende djegese minerale,Eksport,53788,64182
2025,7,3208,Boje plastike e bardhe,Import,58390,120251
2025,7,3208,Boje plastike e bardhe,Eksport,91845,227148
2025,7,8422,Makineri paketimi,Import,74759,49926
2025,7,8422,Makineri paketimi,Eksport,78102,70659
2025,7,8701,Mjete transporti rrugor,Import,54991,154739
2025,7,8701,Mjete transporti rrugor,Eksport,14536,19189
2025,8,1904,Drithera,Import,19984,10435
2025,8,1904,Drithera,Eksport,11412,13121
2025,8,2701,Vaj baze ( lende e pare per prodhim vajra lubrifikant) SN-150,Import,70003,103013
2025,8,2701,Vaj baze ( lende e pare per prodhim vajra lubrifikant) SN-150,Eksport,73984,44758
2025,8,2106,Pergatitje ushqimore(zevendesues djathi per fast food dhe pica),Import,20691,51667
2025,8,2106,Pergatitje ushqimore(zevendesues djathi per fast food dhe pica),Eksport,43012,126809
2025,8,2710,Lende djegese minerale,Import,73311,179183
2025,8,2710,Lende djegese minerale,Eksport,86039,224231
2025,8,3208,Boje plastike e bardhe,Import,90686,84317
2025,8,3208,Boje plastike e bardhe,Eksport,77569,113943
2025,8,8422,Makineri paketimi,Import,45488,125074
2025,8,8422,Makineri paketimi,Eksport,84165,164729
2025,8,8701,Mjete transporti rrugor,Import,50951,62961
2025,8,8701,Mjete transporti rrugor,Eksport,77877,111890
2025,9,1904,Drithera,Import,73689,123077
2025,9,1904,Drithera,Eksport,67100,110496
2025,9,2701,Vaj baze ( lende e pare per prodhim vajra lubrifikant) SN-150,Import,72510,123111
2025,9,2701,Vaj baze ( lende e pare per prodhim vajra lubrifikant) SN-150,Eksport,35071,101251
2025,9,2106,Pergatitje ushqimore(zevendesues djathi per fast food dhe pica),Import,70385,133808
2025,9,2106,Pergatitje ushqimore(zevendesues djathi per fast food dhe pica),Eksport,47653,115503
2025,9,2710,Lende djegese minerale,Import,59709,98258
2025,9,2710,Lende djegese minerale,Eksport,35771,65517
2025,9,3208,Boje plastike e bardhe,Import,93464,138185
2025,9,3208,Boje plastike e bardhe,Eksport,52243,34761
2025,9,8422,Makineri paketimi,Import,34431,53330
2025,9,8422,Makineri paketimi,Eksport,11967,12804
2025,9,8701,Mjete transporti rrugor,Import,98241,266986
2025,9,8701,Mjete transporti rrugor,Eksport,51685,125606
2025,10,1904,Drithera,Import,80125,61062
2025,10,1904,Drithera,Eksport,20683,44318
2025,10,2701,Vaj baze ( lende e pare per prodhim vajra lubrifikant) SN-150,Import,61683,144019
2025,10,2701,Vaj baze ( lende e pare per prodhim vajra lubrifikant) SN-150,Eksport,42461,82161
2025,10,2106,Pergatitje ushqimore(zevendesues djathi per fast food dhe pica),Import,37145,27315
2025,10,2106,Pergatitje ushqimore(zevendesues djathi per fast food dhe pica),Eksport,63537,48217
2025,10,2710,Lende djegese minerale,Import,17900,39989
2025,10,2710,Lende djegese minerale,Eksport,73783,162392
2025,10,3208,Boje plastike e bardhe,Import,67448,147940
2025,10,3208,Boje plastike e bardhe,Eksport,10343,22553
2025,10,8422,Makineri paketimi,Import,63512,172493
2025,10,8422,Makineri paketimi,Eksport,74902,163480
2025,10,8701,Mjete transporti rrugor,Import,41836,75310
2025,10,8701,Mjete transporti rrugor,Eksport,70776,167271
2025,11,1904,Drithera,Import,70072,109596
2025,11,1904,Drithera,Eksport,59770,62640
2025,11,2701,Vaj baze ( lende e pare per prodhim vajra lubrifikant) SN-150,Import,29200,27319
2025,11,2701,Vaj baze ( lende e pare per prodhim vajra lubrifikant) SN-150,Eksport,70918,185679
2025,11,2106,Pergatitje ushqimore(zevendesues djathi per fast food dhe pica),Import,31903,18257
2025,11,2106,Pergatitje ushqimore(zevendesues djathi per fast food dhe pica),Eksport,27553,67461
2025,11,2710,Lende djegese minerale,Import,81305,42720
2025,11,2710,Lende djegese minerale,Eksport,45039,79808
2025,11,3208,Boje plastike e bardhe,Import,75217,120773
2025,11,3208,Boje plastike e bardhe,Eksport,89060,164508
2025,11,8422,Makineri paketimi,Import,99792,262415
2025,11,8422,Makineri paketimi,Eksport,71306,49542
2025,11,8701,Mjete transporti rrugor,Import,53251,56303
2025,11,8701,Mjete transporti rrugor,Eksport,24869,34342
2025,12,1904,Drithera,Import,33768,29795
2025,12,1904,Drithera,Eksport,32067,88124
2025,12,2701,Vaj baze ( lende e pare per prodhim vajra lubrifikant) SN-150,Import,38590,104337
2025,12,2701,Vaj baze ( lende e pare per prodhim vajra lubrifikant) SN-150,Eksport,48924,29422
2025,12,2106,Pergatitje ushqimore(zevendesues djathi per fast food dhe pica),Import,23804,16035
2025,12,2106,Pergatitje ushqimore(zevendesues djathi per fast food dhe pica),Eksport,64751,151863
2025,12,2710,Lende djegese minerale,Import,60485,148499
2025,12,2710,Lende djegese minerale,Eksport,41796,113405
2025,12,3208,Boje plastike e bardhe,Import,56335,161495
2025,12,3208,Boje plastike e bardhe,Eksport,58138,125986
2025,12,8422,Makineri paketimi,Import,40576,96167
2025,12,8422,Makineri paketimi,Eksport,18803,11957
2025,12,8701,Mjete transporti rrugor,Import,51313,147862
2025,12,8701,Mjete transporti rrugor,Eksport,56456,81042
2024,1,1904,Drithera,Import,23976,47523
2024,1,1904,Drithera,Eksport,51851,123542
2024,1,2701,Vaj baze ( lende e pare per prodhim vajra lubrifikant) SN-150,Import,66391,157278
2024,1,2701,Vaj baze ( lende e pare per prodhim vajra lubrifikant) SN-150,Eksport,77319,182631
2024,1,2106,Pergatitje ushqimore(zevendesues djathi per fast food dhe pica),Import,99718,111819
2024,1,2106,Pergatitje ushqimore(zevendesues djathi per fast food dhe pica),Eksport,37348,71095
2024,1,2710,Lende djegese minerale,Import,77524,161485
2024,1,2710,Lende djegese minerale,Eksport,45124,29328
2024,1,3208,Boje plastike e bardhe,Import,97125,87794
2024,1,3208,Boje plastike e bardhe,Eksport,41371,102219
2024,1,8422,Makineri paketimi,Import,34309,26537
2024,1,8422,Makineri paketimi,Eksport,18112,52407
2024,1,8701,Mjete transporti rrugor,Import,22040,40863
2024,1,8701,Mjete transporti rrugor,Eksport,47186,85594
2024,2,1904,Drithera,Import,34182,76084
2024,2,1904,Drithera,Eksport,59568,114140
2024,2,2701,Vaj baze ( lende e pare per prodhim vajra lubrifikant) SN-150,Import,36215,72623
2024,2,2701,Vaj baze ( lende e pare per prodhim vajra lubrifikant) SN-150,Eksport,10869,18477
2024,2,2106,Pergatitje ushqimore(zevendesues djathi per fast food dhe pica),Import,97989,221434
2024,2,2106,Pergatitje ushqimore(zevendesues djathi per fast food dhe pica),Eksport,48461,107236
2024,2,2710,Lende djegese minerale,Import,33426,88074
2024,2,2710,Lende djegese minerale,Eksport,22940,11787
2024,2,3208,Boje plastike e bardhe,Import,69747,119776
2024,2,3208,Boje plastike e bardhe,Eksport,26222,73657
2024,2,8422,Makineri paketimi,Import,36216,27480
2024,2,8422,Makineri paketimi,Eksport,48757,107090
2024,2,8701,Mjete transporti rrugor,Import,26095,20449
2024,2,8701,Mjete transporti rrugor,Eksport,71462,76325
2024,3,1904,Drithera,Import,30144,83792
2024,3,1904,Drithera,Eksport,28058,35834
2024,3,2701,Vaj baze ( lende e pare per prodhim vajra lubrifikant) SN-150,Import,79177,118661
2024,3,2701,Vaj baze ( lende e pare per prodhim vajra lubrifikant) SN-150,Eksport,96294,136820
2024,3,2106,Pergatitje ushqimore(zevendesues djathi per fast food dhe pica),Import,35212,89458
2024,3,2106,Pergatitje ushqimore(zevendesues djathi per fast food dhe pica),Eksport,67288,156852
2024,3,2710,Lende djegese minerale,Import,33484,38971
2024,3,2710,Lende djegese minerale,Eksport,79926,180398
2024,3,3208,Boje plastike e bardhe,Import,82456,121040
2024,3,3208,Boje plastike e bardhe,Eksport,56481,103365
2024,3,8422,Makineri paketimi,Import,81538,89143
2024,3,8422,Makineri paketimi,Eksport,79261,130693
2024,3,8701,Mjete transporti rrugor,Import,16702,49229
2024,3,8701,Mjete transporti rrugor,Eksport,18066,21631
2024,4,1904,Drithera,Import,91346,138902
2024,4,1904,Drithera,Eksport,15159,26973
2024,4,2701,Vaj baze ( lende e pare per prodhim vajra lubrifikant) SN-150,Import,60046,120126
2024,4,2701,Vaj baze ( lende e pare per prodhim vajra lubrifikant) SN-150,Eksport,81550,163301
2024,4,2106,Pergatitje ushqimore(zevendesues djathi per fast food dhe pica),Import,22024,64928
2024,4,2106,Pergatitje ushqimore(zevendesues djathi per fast food dhe pica),Eksport,50477,104717
2024,4,2710,Lende djegese minerale,Import,38897,92295
2024,4,2710,Lende djegese minerale,Eksport,98727,125077
2024,4,3208,Boje plastike e bardhe,Import,25812,42652
2024,4,3208,Boje plastike e bardhe,Eksport,42317,121757
2024,4,8422,Makineri paketimi,Import,46872,111035
2024,4,8422,Makineri paketimi,Eksport,95099,227696
2024,4,8701,Mjete transporti rrugor,Import,72688,40392
2024,4,8701,Mjete transporti rrugor,Eksport,47677,83154
2024,5,1904,Drithera,Import,48293,53503
2024,5,1904,Drithera,Eksport,20877,22151
2024,5,2701,Vaj baze ( lende e pare per prodhim vajra lubrifikant) SN-150,Import,82275,82736
2024,5,2701,Vaj baze ( lende e pare per prodhim vajra lubrifikant) SN-150,Eksport,76572,67724
2024,5,2106,Pergatitje ushqimore(zevendesues djathi per fast food dhe pica),Import,88353,102465
2024,5,2106,Pergatitje ushqimore(zevendesues djathi per fast food dhe pica),Eksport,83903,46760
2024,5,2710,Lende djegese minerale,Import,64686,105328
2024,5,2710,Lende djegese minerale,Eksport,93693,154050
2024,5,3208,Boje plastike e bardhe,Import,29821,87649
2024,5,3208,Boje plastike e bardhe,Eksport,80151,187710
2024,5,8422,Makineri paketimi,Import,79016,190671
2024,5,8422,Makineri paketimi,Eksport,92594,73697
2024,5,8701,Mjete transporti rrugor,Import,51827,94693
2024,5,8701,Mjete transporti rrugor,Eksport,44244,126062
2024,6,1904,Drithera,Import,95237,162918
2024,6,1904,Drithera,Eksport,24537,47295
2024,6,2701,Vaj baze ( lende e pare per prodhim vajra lubrifikant) SN-150,Import,66621,126597
2024,6,2701,Vaj baze ( lende e pare per prodhim vajra lubrifikant) SN-150,Eksport,12399,22519
2024,6,2106,Pergatitje ushqimore(zevendesues djathi per fast food dhe pica),Import,63957,57744
2024,6,2106,Pergatitje ushqimore(zevendesues djathi per fast food dhe pica),Eksport,57829,65172
2024,6,2710,Lende djegese minerale,Import,85058,215671
2024,6,2710,Lende djegese minerale,Eksport,72026,176125
2024,6,3208,Boje plastike e bardhe,Import,10385,19061
2024,6,3208,Boje plastike e bardhe,Eksport,85504,66984
2024,6,8422,Makineri paketimi,Import,91937,126159
2024,6,8422,Makineri paketimi,Eksport,83258,159732
2024,6,8701,Mjete transporti rrugor,Import,36770,50575
2024,6,8701,Mjete transporti rrugor,Eksport,53915,146783
2024,7,1904,Drithera,Import,81717,129066
2024,7,1904,Drithera,Eksport,58130,109431
2024,7,2701,Vaj baze ( lende e pare per prodhim vajra lubrifikant) SN-150,Import,56898,83474
2024,7,2701,Vaj baze ( lende e pare per prodhim vajra lubrifikant) SN-150,Eksport,11953,9475
2024,7,2106,Pergatitje ushqimore(zevendesues djathi per fast food dhe pica),Import,99343,208589
2024,7,2106,Pergatitje ushqimore(zevendesues djathi per fast food dhe pica),Eksport,98497,273278
2024,7,2710,Lende djegese minerale,Import,58686,157134
2024,7,2710,Lende djegese minerale,Eksport,70021,140208
2024,7,3208,Boje plastike e bardhe,Import,55314,164928
2024,7,3208,Boje plastike e bardhe,Eksport,23410,15875
2024,7,8422,Makineri paketimi,Import,28616,16344
2024,7,8422,Makineri paketimi,Eksport,25460,45320
2024,7,8701,Mjete transporti rrugor,Import,13085,31518
2024,7,8701,Mjete transporti rrugor,Eksport,91568,209435
2024,8,1904,Drithera,Import,11230,6664
2024,8,1904,Drithera,Eksport,80188,174651
2024,8,2701,Vaj baze ( lende e pare per prodhim vajra lubrifikant) SN-150,Import,12753,31281
2024,8,2701,Vaj baze ( lende e pare per prodhim vajra lubrifikant) SN-150,Eksport,12022,23343
2024,8,2106,Pergatitje ushqimore(zevendesues djathi per fast food dhe pica),Import,38622,114874
2024,8,2106,Pergatitje ushqimore(zevendesues djathi per fast food dhe pica),Eksport,59285,48850
2024,8,2710,Lende djegese minerale,Import,33673,19126
2024,8,2710,Lende djegese minerale,Eksport,77042,181421
2024,8,3208,Boje plastike e bardhe,Import,65465,66400
2024,8,3208,Boje plastike e bardhe,Eksport,88723,234161
2024,8,8422,Makineri paketimi,Import,88854,46722
2024,8,8422,Makineri paketimi,Eksport,87089,48852
2024,8,8701,Mjete transporti rrugor,Import,57257,42547
2024,8,8701,Mjete transporti rrugor,Eksport,99164,232520
2024,9,1904,Drithera,Import,21074,25151
2024,9,1904,Drithera,Eksport,16740,9928
2024,9,2701,Vaj baze ( lende e pare per prodhim vajra lubrifikant) SN-150,Import,28526,30920
2024,9,2701,Vaj baze ( lende e pare per prodhim vajra lubrifikant) SN-150,Eksport,30626,34266
2024,9,2106,Pergatitje ushqimore(zevendesues djathi per fast food dhe pica),Import,12731,34113
2024,9,2106,Pergatitje ushqimore(zevendesues djathi per fast food dhe pica),Eksport,88738,233916
2024,9,2710,Lende djegese minerale,Import,70509,185424
2024,9,2710,Lende djegese minerale,Eksport,18938,19577
2024,9,3208,Boje plastike e bardhe,Import,88089,155910
2024,9,3208,Boje plastike e bardhe,Eksport,68075,162377
2024,9,8422,Makineri paketimi,Import,82834,63591
2024,9,8422,Makineri paketimi,Eksport,39629,29033
2024,9,8701,Mjete transporti rrugor,Import,82305,89760
2024,9,8701,Mjete transporti rrugor,Eksport,20560,60183
2024,10,1904,Drithera,Import,84933,75699
2024,10,1904,Drithera,Eksport,48146,41302
2024,10,2701,Vaj baze ( lende e pare per prodhim vajra lubrifikant) SN-150,Import,85259,141618
2024,10,2701,Vaj baze ( lende e pare per prodhim vajra lubrifikant) SN-150,Eksport,20146,22838
2024,10,2106,Pergatitje ushqimore(zevendesues djathi per fast food dhe pica),Import,70586,93605
2024,10,2106,Pergatitje ushqimore(zevendesues djathi per fast food dhe pica),Eksport,37028,73041
2024,10,2710,Lende djegese minerale,Import,41870,24336
2024,10,2710,Lende djegese minerale,Eksport,29094,80724
2024,10,3208,Boje plastike e bardhe,Import,93201,240482
2024,10,3208,Boje plastike e bardhe,Eksport,60423,58594
2024,10,8422,Makineri paketimi,Import,64020,161547
2024,10,8422,Makineri paketimi,Eksport,82131,125837
2024,10,8701,Mjete transporti rrugor,Import,14510,16278
2024,10,8701,Mjete transporti rrugor,Eksport,74246,189731
2024,11,1904,Drithera,Import,70432,47312
2024,11,1904,Drithera,Eksport,89020,78640
2024,11,2701,Vaj baze ( lende e pare per prodhim vajra lubrifikant) SN-150,Import,61248,30687
2024,11,2701,Vaj baze ( lende e pare per prodhim vajra lubrifikant) SN-150,Eksport,66410,131596
2024,11,2106,Pergatitje ushqimore(zevendesues djathi per fast food dhe pica),Import,46977,133706
2024,11,2106,Pergatitje ushqimore(zevendesues djathi per fast food dhe pica),Eksport,21424,10834
2024,11,2710,Lende djegese minerale,Import,13516,10890
2024,11,2710,Lende djegese minerale,Eksport,26700,27065
2024,11,3208,Boje plastike e bardhe,Import,75291,57254
2024,11,3208,Boje plastike e bardhe,Eksport,69088,83929
2024,11,8422,Makineri paketimi,Import,69468,102629
2024,11,8422,Makineri paketimi,Eksport,25702,31559
2024,11,8701,Mjete transporti rrugor,Import,13439,27647
2024,11,8701,Mjete transporti rrugor,Eksport,71168,108143
2024,12,1904,Drithera,Import,67159,134246
2024,12,1904,Drithera,Eksport,38961,58964
2024,12,2701,Vaj baze ( lende e pare per prodhim vajra lubrifikant) SN-150,Import,58429,170337
2024,12,2701,Vaj baze ( lende e pare per prodhim vajra lubrifikant) SN-150,Eksport,89632,227990
2024,12,2106,Pergatitje ushqimore(zevendesues djathi per fast food dhe pica),Import,83263,170677
2024,12,2106,Pergatitje ushqimore(zevendesues djathi per fast food dhe pica),Eksport,21615,28652
2024,12,2710,Lende djegese minerale,Import,14790,12855
2024,12,2710,Lende djegese minerale,Eksport,55186,31438
2024,12,3208,Boje plastike e bardhe,Import,44812,86465
2024,12,3208,Boje plastike e bardhe,Eksport,58355,49193
2024,12,8422,Makineri paketimi,Import,75665,149441
2024,12,8422,Makineri paketimi,Eksport,48655,90121
2024,12,8701,Mjete transporti rrugor,Import,95315,92264
2024,12,8701,Mjete transporti rrugor,Eksport,20767,30330
2024,1,3824,"Shtesat e pergatitura për çimento, llaçra apo betone",Import,12270,35795
2024,1,3824,"Shtesat e pergatitura për çimento, llaçra apo betone",Eksport,3860,53158
2024,2,3824,"Shtesat e pergatitura për çimento, llaçra apo betone",Import,18418,96820
2024,2,3824,"Shtesat e pergatitura për çimento, llaçra apo betone",Eksport,8734,21265
2024,3,3824,"Shtesat e pergatitura për çimento, llaçra apo betone",Import,5466,57194
2024,3,3824,"Shtesat e pergatitura për çimento, llaçra apo betone",Eksport,8578,62191
2024,4,3824,"Shtesat e pergatitura për çimento, llaçra apo betone",Import,16636,64131
2024,4,3824,"Shtesat e pergatitura për çimento, llaçra apo betone",Eksport,14111,31023
2024,5,3824,"Shtesat e pergatitura për çimento, llaçra apo betone",Import,13322,87221
2024,5,3824,"Shtesat e pergatitura për çimento, llaçra apo betone",Eksport,3769,74735
2024,6,3824,"Shtesat e pergatitura për çimento, llaçra apo betone",Import,18803,84925
2024,6,3824,"Shtesat e pergatitura për çimento, llaçra apo betone",Eksport,9949,17433
2024,7,3824,"Shtesat e pergatitura për çimento, llaçra apo betone",Import,10311,73707
2024,7,3824,"Shtesat e pergatitura për çimento, llaçra apo betone",Eksport,6385,43693
2024,8,3824,"Shtesat e pergatitura për çimento, llaçra apo betone",Import,11396,45658
2024,8,3824,"Shtesat e pergatitura për çimento, llaçra apo betone",Eksport,5558,72001
2024,9,3824,"Shtesat e pergatitura për çimento, llaçra apo betone",Import,7047,22747
2024,9,3824,"Shtesat e pergatitura për çimento, llaçra apo betone",Eksport,12167,74150
2024,10,3824,"Shtesat e pergatitura për çimento, llaçra apo betone",Import,5189,55773
2024,10,3824,"Shtesat e pergatitura për çimento, llaçra apo betone",Eksport,7658,16899
2024,11,3824,"Shtesat e pergatitura për çimento, llaçra apo betone",Import,12734,86803
2024,11,3824,"Shtesat e pergatitura për çimento, llaçra apo betone",Eksport,4528,26394
2024,12,3824,"Shtesat e pergatitura për çimento, llaçra apo betone",Import,8556,23890
2024,12,3824,"Shtesat e pergatitura për çimento, llaçra apo betone",Eksport,11838,45740
2025,1,3824,"Shtesat e pergatitura për çimento, llaçra apo betone",Import,16080,30627
2025,1,3824,"Shtesat e pergatitura për çimento, llaçra apo betone",Eksport,11792,58323
2025,2,3824,"Shtesat e pergatitura për çimento, llaçra apo betone",Import,15253,93969
2025,2,3824,"Shtesat e pergatitura për çimento, llaçra apo betone",Eksport,13233,26016
2025,3,3824,"Shtesat e pergatitura për çimento, llaçra apo betone",Import,12513,88148
2025,3,3824,"Shtesat e pergatitura për çimento, llaçra apo betone",Eksport,10041,73707
2025,4,3824,"Shtesat e pergatitura për çimento, llaçra apo betone",Import,11235,43483
2025,4,3824,"Shtesat e pergatitura për çimento, llaçra apo betone",Eksport,12670,63555
2025,5,3824,"Shtesat e pergatitura për çimento, llaçra apo betone",Import,15748,37159
2025,5,3824,"Shtesat e pergatitura për çimento, llaçra apo betone",Eksport,11226,29541
2025,6,3824,"Shtesat e pergatitura për çimento, llaçra apo betone",Import,8152,87121
2025,6,3824,"Shtesat e pergatitura për çimento, llaçra apo betone",Eksport,6943,38939
2025,7,3824,"Shtesat e pergatitura për çimento, llaçra apo betone",Import,8073,86557
2025,7,3824,"Shtesat e pergatitura për çimento, llaçra apo betone",Eksport,14653,58573
2025,8,3824,"Shtesat e pergatitura për çimento, llaçra apo betone",Import,18417,72995
2025,8,3824,"Shtesat e pergatitura për çimento, llaçra apo betone",Eksport,10989,24692
2025,9,3824,"Shtesat e pergatitura për çimento, llaçra apo betone",Import,17990,92409
2025,9,3824,"Shtesat e pergatitura për çimento, llaçra apo betone",Eksport,8675,15161
2025,10,3824,"Shtesat e pergatitura për çimento, llaçra apo betone",Import,9297,52606
2025,10,3824,"Shtesat e pergatitura për çimento, llaçra apo betone",Eksport,14534,44127
2025,11,3824,"Shtesat e pergatitura për çimento, llaçra apo betone",Import,12629,21016
2025,11,3824,"Shtesat e pergatitura për çimento, llaçra apo betone",Eksport,10869,70591
2025,12,3824,"Shtesat e pergatitura për çimento, llaçra apo betone",Import,12892,43247
2025,12,3824,"Shtesat e pergatitura për çimento, llaçra apo betone",Eksport,10916,23529
2024,1,813,Fruta të thata,Import,11270,35795
2024,1,813,Fruta të thata,Eksport,2860,69886
2024,1,6702,Lule artificiale,Import,10265,102386
2024,1,6702,Lule artificiale,Eksport,6426,59131
2024,1,2523,Çimento,Import,15111,36023
2024,1,2523,Çimento,Eksport,10322,82221
2024,1,6810,"Produkte prej çimentoje, llaçi ose betoni",Import,19668,20769
2024,1,6810,"Produkte prej çimentoje, llaçi ose betoni",Eksport,12583,77955
2024,2,813,Fruta të thata,Import,19773,87969
2024,2,813,Fruta të thata,Eksport,7311,68707
2024,2,6702,Lule artificiale,Import,7385,48693
2024,2,6702,Lule artificiale,Eksport,8396,40658
2024,2,2523,Çimento,Import,6558,38431
2024,2,2523,Çimento,Eksport,4747,74150
2024,2,6810,"Produkte prej çimentoje, llaçi ose betoni",Import,4189,104654
2024,2,6810,"Produkte prej çimentoje, llaçi ose betoni",Eksport,5005,82435
2024,3,813,Fruta të thata,Import,11734,86803
2024,3,813,Fruta të thata,Eksport,3528,26394
2024,3,6702,Lule artificiale,Import,7556,23890
2024,3,6702,Lule artificiale,Eksport,10838,25627
2024,3,2523,Çimento,Import,12792,93969
2024,3,2523,Çimento,Eksport,12233,38897
2024,3,6810,"Produkte prej çimentoje, llaçi ose betoni",Import,6612,43483
2024,3,6810,"Produkte prej çimentoje, llaçi ose betoni",Eksport,11670,63555
2024,4,813,Fruta të thata,Import,14748,37159
2024,4,813,Fruta të thata,Eksport,14206,50920
2024,4,6702,Lule artificiale,Import,14147,87121
2024,4,6702,Lule artificiale,Eksport,5943,34457
2024,4,2523,Çimento,Import,5021,97189
2024,4,2523,Çimento,Eksport,12805,67995
2024,4,6810,"Produkte prej çimentoje, llaçi ose betoni",Import,11989,29692
2024,4,6810,"Produkte prej çimentoje, llaçi ose betoni",Eksport,14990,87409
2024,5,813,Fruta të thata,Import,9675,85697
2024,5,813,Fruta të thata,Eksport,6297,47606
2024,5,6702,Lule artificiale,Import,17103,31534
2024,5,6702,Lule artificiale,Eksport,14743,55397
2024,5,2523,Çimento,Import,15990,111387
2024,5,2523,Çimento,Eksport,3016,70591
2024,5,6810,"Produkte prej çimentoje, llaçi ose betoni",Import,11892,43247
2024,5,6810,"Produkte prej çimentoje, llaçi ose betoni",Eksport,9916,89065
2024,6,813,Fruta të thata,Import,4878,29268
2024,6,813,Fruta të thata,Eksport,6887,27185
2024,6,6702,Lule artificiale,Import,18552,106779
2024,6,6702,Lule artificiale,Eksport,8331,23571
2024,6,2523,Çimento,Import,12684,58044
2024,6,2523,Çimento,Eksport,4062,76228
2024,6,6810,"Produkte prej çimentoje, llaçi ose betoni",Import,4064,68984
2024,6,6810,"Produkte prej çimentoje, llaçi ose betoni",Eksport,10006,17568
2024,7,813,Fruta të thata,Import,9463,82592
2024,7,813,Fruta të thata,Eksport,4027,17695
2024,7,6702,Lule artificiale,Import,13687,68190
2024,7,6702,Lule artificiale,Eksport,7258,54504
2024,7,2523,Çimento,Import,4391,33986
2024,7,2523,Çimento,Eksport,14706,27666
2024,7,6810,"Produkte prej çimentoje, llaçi ose betoni",Import,9892,23561
2024,7,6810,"Produkte prej çimentoje, llaçi ose betoni",Eksport,12470,79505
2024,8,813,Fruta të thata,Import,10184,72251
2024,8,813,Fruta të thata,Eksport,8278,23392
2024,8,6702,Lule artificiale,Import,18151,98603
2024,8,6702,Lule artificiale,Eksport,5104,50222
2024,8,2523,Çimento,Import,15837,99575
2024,8,2523,Çimento,Eksport,10996,78335
2024,8,6810,"Produkte prej çimentoje, llaçi ose betoni",Import,14965,44538
2024,8,6810,"Produkte prej çimentoje, llaçi ose betoni",Eksport,11762,85592
2024,9,813,Fruta të thata,Import,18948,28110
2024,9,813,Fruta të thata,Eksport,12882,67992
2024,9,6702,Lule artificiale,Import,5028,118806
2024,9,6702,Lule artificiale,Eksport,8910,15206
2024,9,2523,Çimento,Import,9134,107897
2024,9,2523,Çimento,Eksport,9721,38419
2024,9,6810,"Produkte prej çimentoje, llaçi ose betoni",Import,5484,70015
2024,9,6810,"Produkte prej çimentoje, llaçi ose betoni",Eksport,4790,69268
2024,10,813,Fruta të thata,Import,16383,107939
2024,10,813,Fruta të thata,Eksport,3757,86910
2024,10,6702,Lule artificiale,Import,10892,87214
2024,10,6702,Lule artificiale,Eksport,5242,48827
2024,10,2523,Çimento,Import,10668,82623
2024,10,2523,Çimento,Eksport,11914,37299
2024,10,6810,"Produkte prej çimentoje, llaçi ose betoni",Import,14817,84044
2024,10,6810,"Produkte prej çimentoje, llaçi ose betoni",Eksport,11789,64080
2024,11,813,Fruta të thata,Import,15252,22693
2024,11,813,Fruta të thata,Eksport,5627,40939
2024,11,6702,Lule artificiale,Import,14173,41834
2024,11,6702,Lule artificiale,Eksport,3663,41105
2024,11,2523,Çimento,Import,14230,35707
2024,11,2523,Çimento,Eksport,7592,59262
2024,11,6810,"Produkte prej çimentoje, llaçi ose betoni",Import,14429,43776
2024,11,6810,"Produkte prej çimentoje, llaçi ose betoni",Eksport,3306,76373
2024,12,813,Fruta të thata,Import,10776,112787
2024,12,813,Fruta të thata,Eksport,7864,24474
2024,12,6702,Lule artificiale,Import,11526,78053
2024,12,6702,Lule artificiale,Eksport,7575,20530
2024,12,2523,Çimento,Import,16936,23748
2024,12,2523,Çimento,Eksport,14971,81199
2024,12,6810,"Produkte prej çimentoje, llaçi ose betoni",Import,5998,93530
2024,12,6810,"Produkte prej çimentoje, llaçi ose betoni",Eksport,13637,76087
2025,1,813,Fruta të thata,Import,17919,88840
2025,1,813,Fruta të thata,Eksport,5763,69384
2025,1,6702,Lule artificiale,Import,5853,66576
2025,1,6702,Lule artificiale,Eksport,8585,77003
2025,1,2523,Çimento,Import,5291,72733
2025,1,2523,Çimento,Eksport,13649,38664
2025,1,6810,"Produkte prej çimentoje, llaçi ose betoni",Import,5636,105616
2025,1,6810,"Produkte prej çimentoje, llaçi ose betoni",Eksport,13191,41736
2025,2,813,Fruta të thata,Import,16289,20854
2025,2,813,Fruta të thata,Eksport,10164,53623
2025,2,6702,Lule artificiale,Import,11392,75680
2025,2,6702,Lule artificiale,Eksport,13666,61717
2025,2,2523,Çimento,Import,9249,107092
2025,2,2523,Çimento,Eksport,3707,41309
2025,2,6810,"Produkte prej çimentoje, llaçi ose betoni",Import,9535,83734
2025,2,6810,"Produkte prej çimentoje, llaçi ose betoni",Eksport,6931,67662
2025,3,813,Fruta të thata,Import,4202,32688
2025,3,813,Fruta të thata,Eksport,10958,52157
2025,3,6702,Lule artificiale,Import,6327,72083
2025,3,6702,Lule artificiale,Eksport,9777,80733
2025,3,2523,Çimento,Import,11125,54698
2025,3,2523,Çimento,Eksport,13774,37671
2025,3,6810,"Produkte prej çimentoje, llaçi ose betoni",Import,12800,113384
2025,3,6810,"Produkte prej çimentoje, llaçi ose betoni",Eksport,11339,66663
2025,4,813,Fruta të thata,Import,19708,111906
2025,4,813,Fruta të thata,Eksport,2659,17811
2025,4,6702,Lule artificiale,Import,11098,92082
2025,4,6702,Lule artificiale,Eksport,11561,49754
2025,4,2523,Çimento,Import,17822,31411
2025,4,2523,Çimento,Eksport,4911,82270
2025,4,6810,"Produkte prej çimentoje, llaçi ose betoni",Import,5843,28680
2025,4,6810,"Produkte prej çimentoje, llaçi ose betoni",Eksport,4976,86295
2025,5,813,Fruta të thata,Import,10694,31111
2025,5,813,Fruta të thata,Eksport,6736,16802
2025,5,6702,Lule artificiale,Import,12155,93656
2025,5,6702,Lule artificiale,Eksport,8616,62254
2025,5,2523,Çimento,Import,9534,105981
2025,5,2523,Çimento,Eksport,13561,45306
2025,5,6810,"Produkte prej çimentoje, llaçi ose betoni",Import,4262,66843
2025,5,6810,"Produkte prej çimentoje, llaçi ose betoni",Eksport,8287,31371
2025,6,813,Fruta të thata,Import,15835,22049
2025,6,813,Fruta të thata,Eksport,7423,35932
2025,6,6702,Lule artificiale,Import,7108,49855
2025,6,6702,Lule artificiale,Eksport,14282,87694
2025,6,2523,Çimento,Import,14248,27400
2025,6,2523,Çimento,Eksport,5170,57642
2025,6,6810,"Produkte prej çimentoje, llaçi ose betoni",Import,19151,71407
2025,6,6810,"Produkte prej çimentoje, llaçi ose betoni",Eksport,3154,19499
2025,7,813,Fruta të thata,Import,10295,79040
2025,7,813,Fruta të thata,Eksport,14183,44299
2025,7,6702,Lule artificiale,Import,16874,52711
2025,7,6702,Lule artificiale,Eksport,7539,68351
2025,7,2523,Çimento,Import,16115,68354
2025,7,2523,Çimento,Eksport,13375,17557
2025,7,6810,"Produkte prej çimentoje, llaçi ose betoni",Import,9592,102018
2025,7,6810,"Produkte prej çimentoje, llaçi ose betoni",Eksport,4200,83497
2025,8,813,Fruta të thata,Import,18207,41357
2025,8,813,Fruta të thata,Eksport,6433,17869
2025,8,6702,Lule artificiale,Import,15426,81135
2025,8,6702,Lule artificiale,Eksport,2956,53467
2025,8,2523,Çimento,Import,10944,111412
2025,8,2523,Çimento,Eksport,6911,18987
2025,8,6810,"Produkte prej çimentoje, llaçi ose betoni",Import,13719,42399
2025,8,6810,"Produkte prej çimentoje, llaçi ose betoni",Eksport,3218,85271
2025,9,813,Fruta të thata,Import,15296,90091
2025,9,813,Fruta të thata,Eksport,11146,55818
2025,9,6702,Lule artificiale,Import,16757,39830
2025,9,6702,Lule artificiale,Eksport,3045,21893
2025,9,2523,Çimento,Import,5693,99909
2025,9,2523,Çimento,Eksport,5436,89290
2025,9,6810,"Produkte prej çimentoje, llaçi ose betoni",Import,14677,25895
2025,9,6810,"Produkte prej çimentoje, llaçi ose betoni",Eksport,5354,45746
2025,10,813,Fruta të thata,Import,4225,68404
2025,10,813,Fruta të thata,Eksport,6893,54790
2025,10,6702,Lule artificiale,Import,13151,25600
2025,10,6702,Lule artificiale,Eksport,14740,55764
2025,10,2523,Çimento,Import,13007,65714
2025,10,2523,Çimento,Eksport,9683,88744
2025,10,6810,"Produkte prej çimentoje, llaçi ose betoni",Import,11339,38589
2025,10,6810,"Produkte prej çimentoje, llaçi ose betoni",Eksport,12716,51212
2025,11,813,Fruta të thata,Import,14757,67202
2025,11,813,Fruta të thata,Eksport,3060,33711
2025,11,6702,Lule artificiale,Import,7420,116752
2025,11,6702,Lule artificiale,Eksport,2301,60236
2025,11,2523,Çimento,Import,4606,86235
2025,11,2523,Çimento,Eksport,7088,80726
2025,11,6810,"Produkte prej çimentoje, llaçi ose betoni",Import,14492,26102
2025,11,6810,"Produkte prej çimentoje, llaçi ose betoni",Eksport,3184,41641
2025,12,813,Fruta të thata,Import,5816,52745
2025,12,813,Fruta të thata,Eksport,7854,38093
2025,12,6702,Lule artificiale,Import,4569,71885
2025,12,6702,Lule artificiale,Eksport,5863,87991
2025,12,2523,Çimento,Import,8014,31093
2025,12,2523,Çimento,Eksport,3686,50777
2025,12,6810,"Produkte prej çimentoje, llaçi ose betoni",Import,11806,102074
2025,12,6810,"Produkte prej çimentoje, llaçi ose betoni",Eksport,12729,60017
2024,1,6904,Tulla ndertimi,Import,50000,130000
2024,2,6904,Tulla ndertimi,Import,52000,135000
2024,3,6904,Tulla ndertimi,Import,55000,140000
2024,4,6904,Tulla ndertimi,Import,53000,138000
2024,5,6904,Tulla ndertimi,Import,56000,145000
2024,6,6904,Tulla ndertimi,Import,54000,142000
2024,7,6904,Tulla ndertimi,Import,57000,147000
2024,8,6904,Tulla ndertimi,Import,59000,150000
2024,9,6904,Tulla ndertimi,Import,58000,149000
2024,10,6904,Tulla ndertimi,Import,60000,152000
2024,11,6904,Tulla ndertimi,Import,62000,155000
2024,12,6904,Tulla ndertimi,Import,61000,154000
2024,1,6904,Tulla ndertimi,Eksport,70000,200000
2024,2,6904,Tulla ndertimi,Eksport,72000,205000
2024,3,6904,Tulla ndertimi,Eksport,73000,210000
2024,4,6904,Tulla ndertimi,Eksport,74000,212000
2024,5,6904,Tulla ndertimi,Eksport,75000,215000
2024,6,6904,Tulla ndertimi,Eksport,77000,220000
2024,7,6904,Tulla ndertimi,Eksport,76000,218000
2024,8,6904,Tulla ndertimi,Eksport,78000,225000
2024,9,6904,Tulla ndertimi,Eksport,79000,228000
2024,10,6904,Tulla ndertimi,Eksport,80000,230000
2024,11,6904,Tulla ndertimi,Eksport,82000,235000
2024,12,6904,Tulla ndertimi,Eksport,83000,238000
2025,1,6904,Tulla ndertimi,Import,56674,146151
2025,2,6904,Tulla ndertimi,Import,57500,148000
2025,3,6904,Tulla ndertimi,Import,58200,150000
2025,4,6904,Tulla ndertimi,Import,59000,152000
2025,5,6904,Tulla ndertimi,Import,60000,154000
2025,6,6904,Tulla ndertimi,Import,61000,156000
2025,7,6904,Tulla ndertimi,Import,62000,158000
2025,8,6904,Tulla ndertimi,Import,63000,160000
2025,9,6904,Tulla ndertimi,Import,64000,162000
2025,10,6904,Tulla ndertimi,Import,65000,164000
2025,11,6904,Tulla ndertimi,Import,66000,166000
2025,12,6904,Tulla ndertimi,Import,67000,168000
2025,1,6904,Tulla ndertimi,Eksport,84130,228230
2025,2,6904,Tulla ndertimi,Eksport,85000,230000
2025,3,6904,Tulla ndertimi,Eksport,86000,232000
2025,4,6904,Tulla ndertimi,Eksport,87000,234000
2025,5,6904,Tulla ndertimi,Eksport,88000,236000
2025,6,6904,Tulla ndertimi,Eksport,89000,238000
2025,7,6904,Tulla ndertimi,Eksport,90000,240000
2025,8,6904,Tulla ndertimi,Eksport,91000,242000
2025,9,6904,Tulla ndertimi,Eksport,92000,244000
2025,10,6904,Tulla ndertimi,Eksport,93000,246000
2025,11,6904,Tulla ndertimi,Eksport,94000,248000
2025,12,6904,Tulla ndertimi,Eksport,95000,250000
